<?xml version="1.0" encoding="UTF-8"?>
<Configuration status="info">
	<Appenders>
		<RollingFile name="file-log-web" fileName="/opt/apps/logs/log4j/escuelaANG/escuelaANG.log"
			filePattern="/opt/apps/logs/log4j/escuelaANG/escuelaANG%d{yyyy-MM-dd}.log">
			<PatternLayout>
				<pattern>
					%d{yyyy-MM-dd HH:mm:ss} [%-5p] %-20c{1}  %m%n
				</pattern>
			</PatternLayout>
			<Policies>
				<TimeBasedTriggeringPolicy interval="1" modulate="true" />
			</Policies>
		</RollingFile>
		
		<RollingFile name="file-log-job" fileName="/opt/apps/logs/log4j/escuelaANG/escuelaANG.log"
			filePattern="/opt/apps/logs/log4j/escuelaANG/escuelaANG-%d{yyyy-MM-dd}.log">
			<PatternLayout>
				<pattern>
					%d{yyyy-MM-dd HH:mm:ss} [%-5p] %m%n
				</pattern>
			</PatternLayout>
			<Policies>
				<TimeBasedTriggeringPolicy interval="1" modulate="true" />
			</Policies>
		</RollingFile>

		<Console name="console" target="SYSTEM_OUT">
			<PatternLayout>
				<pattern>
					%d{yyyy-MM-dd HH:mm:ss} [%-5p] %-20c{1}  %m%n
				</pattern>
			</PatternLayout>
		</Console>
		
		<Console name="console-job" target="SYSTEM_OUT">
			<PatternLayout>
				<pattern>
					%d{yyyy-MM-dd HH:mm:ss} [%-5p] %m%n
				</pattern>
			</PatternLayout>
		</Console>
		
	</Appenders>
	<Loggers>
	<Logger name="mx.com.escuela.sistema" level="info" additivity="false">
			<appender-ref ref="file-log-web" level="info" />
			<appender-ref ref="console" level="info" />
		</Logger>
		<Logger name="mx.com.escuela.common" level="info" additivity="false">
			<appender-ref ref="file-log-web" level="info" />
			<appender-ref ref="console" level="info" />
		</Logger>
		<Logger name="mx.com.escuela.sistema.logic" level="info" additivity="false">
			<appender-ref ref="file-log-web" level="info" />
			<appender-ref ref="console" level="info" />
		</Logger>
		
	</Loggers>
</Configuration>
